1,google.com
2,youtube.com
3,baidu.com
4,tmall.com
5,qq.com
6,facebook.com
7,sohu.com
8,taobao.com
9,yahoo.com
10,wikipedia.org
11,login.tmall.com
12,amazon.com
13,360.cn
14,jd.com
15,weibo.com
16,live.com
17,sina.com.cn
18,reddit.com
19,pages.tmall.com
20,vk.com
21,netflix.com
22,blogspot.com
23,alipay.com
24,yahoo.co.jp
25,csdn.net
26,office.com
27,bing.com
28,instagram.com
29,twitter.com
30,okezone.com
31,livejasmin.com
32,microsoft.com
33,google.com.hk
34,babytree.com
35,xinhuanet.com
36,ebay.com
37,force.com
38,stackoverflow.com
39,microsoftonline.com
40,aliexpress.com
41,naver.com
42,yandex.ru
43,google.co.in
44,pornhub.com
45,tribunnews.com
46,amazon.co.jp
47,twitch.tv
48,msn.com
49,tianya.cn
50,wordpress.com
51,mail.ru
52,apple.com
53,dropbox.com
54,soso.com
55,imdb.com
56,adobe.com
57,linkedin.com
58,booking.com
59,hao123.com
60,bongacams.com
61,amazon.in
62,so.com
63,zhanqi.tv
64,panda.tv
65,caijing.com.cn
66,chase.com
67,google.com.br
68,xvideos.com
69,xhamster.com
70,mama.cn
71,china.com.cn
72,imgur.com
73,google.de
74,tumblr.com
75,myshopify.com
76,bbc.com
77,amazonaws.com
78,amazon.co.uk
79,ok.ru
80,whatsapp.com
81,google.co.jp
82,detail.tmall.com
83,medium.com
84,spotify.com
85,indeed.com
86,google.fr
87,pixnet.net
88,google.ru
89,soundcloud.com
90,aparat.com
91,detik.com
92,rednet.cn
93,fandom.com
94,stackexchange.com
95,onlinesbi.com
96,salesforce.com
97,cnn.com
98,ettoday.net
99,thestartmagazine.com
100,roblox.com
101,google.it
102,google.es
103,amazon.de
104,espn.com
105,paypal.com
106,nytimes.com
107,walmart.com
108,deloplen.com
109,craigslist.org
110,google.com.tw
111,github.com
112,nih.gov
113,google.cn
114,huanqiu.com
115,yy.com
116,pinterest.com
117,1688.com
118,gmw.cn
119,theguardian.com
120,t.co
121,wikihow.com
122,bbc.co.uk
123,wetransfer.com
124,shutterstock.com
125,bilibili.com
126,etsy.com
127,zendesk.com
128,freepik.com
129,sindonews.com
130,google.com.mx
131,indiatimes.com
132,flipkart.com
133,globo.com
134,sogou.com
135,17ok.com
136,uol.com.br
137,avito.ru
138,zillow.com
139,google.co.uk
140,cnet.com
141,fiverr.com
142,51sole.com
143,rakuten.co.jp
144,slideshare.net
145,abs-cbn.com
146,digikala.com
147,alibaba.com
148,vimeo.com
149,udemy.com
150,163.com
151,savefrom.net
152,google.com.tr
153,jrj.com.cn
154,yao.tmall.com
155,intuit.com
156,thepiratebay.org
157,ebay.de
158,kompas.com
159,mediafire.com
160,metropoles.com
161,google.com.sg
162,nicovideo.jp
163,cnblogs.com
164,aliyun.com
165,bukalapak.com
166,ltn.com.tw
167,liputan6.com
168,ask.com
169,yelp.com
170,cdstm.cn
171,xnxx.com
172,washingtonpost.com
173,w3schools.com
174,grid.id
175,canva.com
176,godaddy.com
177,wellsfargo.com
178,archive.org
179,researchgate.net
180,mercadolivre.com.br
181,weather.com
182,daum.net
183,line.me
184,google.com.sa
185,office365.com
186,discordapp.com
187,youm7.com
188,bestbuy.com
189,taboola.com
190,vice.com
191,google.ca
192,iqiyi.com
193,amazon.ca
194,setn.com
195,americanexpress.com
196,incometaxindiaefiling.gov.in
197,onlinevideoconverter.com
198,trello.com
199,ebay.co.uk
200,mozilla.org
201,wix.com
202,amazon.it
203,gfycat.com
204,gloyah.net
205,speedtest.net
206,scribd.com
207,tripadvisor.com
208,foxnews.com
209,amazon.es
210,google.com.eg
211,businessinsider.com
212,amazon.fr
213,chouftv.ma
214,google.com.ar
215,youth.cn
216,gov.ao
217,dailymotion.com
218,youporn.com
219,slack.com
220,ups.com
221,softonic.com
222,capitalone.com
223,3c.tmall.com
224,nameketathar.pro
225,google.co.id
226,google.co.th
227,google.pl
228,fc2.com
229,hotstar.com
230,hdfcbank.com
231,usps.com
232,googlevideo.com
233,zoom.us
234,otvfoco.com.br
235,instructure.com
236,grammarly.com
237,mega.nz
238,healthline.com
239,eastday.com
240,smallpdf.com
241,yts.lt
242,hulu.com
243,sberbank.ru
244,messenger.com
245,evernote.com
246,bet9ja.com
247,box.com
248,gome.com.cn
249,duckduckgo.com
250,asos.com
251,zhihu.com
252,telegram.org
253,ilovepdf.com
254,sciencedirect.com
255,unsplash.com
256,baike.com
257,chaturbate.com
258,ebay-kleinanzeigen.de
259,uniqlo.tmall.com
260,cloudflare.com
261,twimg.com
262,glassdoor.com
263,momoshop.com.tw
264,homedepot.com
265,spankbang.com
266,norton.com
267,dailymail.co.uk
268,icicibank.com
269,popads.net
270,y2mate.com
271,quora.com
272,fedex.com
273,rambler.ru
274,primevideo.com
275,deviantart.com
276,varzesh3.com
277,shaparak.ir
278,patria.org.ve
279,skype.com
280,6.cn
281,ikea.com
282,reverso.net
283,redd.it
284,academia.edu
285,flickr.com
286,manoramaonline.com
287,subject.tmall.com
288,nianhuo.tmall.com
289,food.tmall.com
290,blogger.com
291,ndtv.com
292,weebly.com
293,kinopoisk.ru
294,kumparan.com
295,xfinity.com
296,jiameng.com
297,doubleclick.net
298,breitbart.com
299,google.com.au
300,scol.com.cn
301,behance.net
302,namnak.com
303,allegro.pl
304,list.tmall.com
305,google.co.kr
306,airbnb.com
307,thesaurus.com
308,rt.com
309,mercadolibre.com.ar
310,gismeteo.ru
311,eventbrite.com
312,sex.com
313,envato.com
314,nvzhuang.tmall.com
315,bloomberg.com
316,buzzfeed.com
317,marca.com
318,gamepedia.com
319,bet365.com
320,hp.com
321,okta.com
322,secureserver.net
323,patch.com
324,hootsuite.com
325,livejournal.com
326,suara.com
327,cloudfront.net
328,target.com
329,naukri.com
330,tistory.com
331,aol.com
332,divar.ir
333,leboncoin.fr
334,jianshu.com
335,huaban.com
336,wikimedia.org
337,outbrain.com
338,steamcommunity.com
339,pinimg.com
340,cnbc.com
341,tradingview.com
342,samsung.com
343,olx.ua
344,verystream.com
345,citi.com
346,accuweather.com
347,chinadaily.com.cn
348,dspmulti.com
349,google.com.ua
350,siteadvisor.com
351,adp.com
352,goodreads.com
353,bankofamerica.com
354,patreon.com
355,investing.com
356,gearbest.com
357,inquirer.net
358,surveymonkey.com
359,idntimes.com
360,oracle.com
361,pexels.com
362,kakaku.com
363,squarespace.com
364,zoho.com
365,mercadolibre.com.mx
366,expedia.com
367,geeksforgeeks.org
368,9gag.com
369,dkn.tv
370,aimer.tmall.com
371,ensonhaber.com
372,ebc.net.tw
373,usatoday.com
374,web.de
375,namasha.com
376,google.gr
377,redtube.com
378,openload.co
379,wixsite.com
380,104.com.tw
381,realtor.com
382,livedoor.com
383,rithardimired.info
384,cbbp1.com
385,cdninstagram.com
386,bp.blogspot.com
387,webmd.com
388,flvto.biz
389,myhome.tmall.com
390,dmm.co.jp
391,giphy.com
392,libero.it
393,cambridge.org
394,freelancer.com
395,genius.com
396,aksam.com.tr
397,justdial.com
398,olx.pl
399,google.com.vn
400,slickdeals.net
401,mgid.com
402,rediff.com
403,hespress.com
404,marriott.com
405,pixabay.com
406,miao.tmall.com
407,reuters.com
408,gap.tmall.com
409,atlassian.net
410,rakuten.com
411,biobiochile.cl
412,ladbible.com
413,dawmal.com
414,indiamart.com
415,jw.org
416,wsj.com
417,1337x.to
418,neiyi.tmall.com
419,gstatic.com
420,ouedkniss.com
421,forbes.com
422,addthis.com
423,ca.gov
424,amazon.cn
425,dell.com
426,kaskus.co.id
427,douban.com
428,nur.kz
429,myway.com
430,huffpost.com
431,gosuslugi.ru
432,list-manage.com
433,rutracker.org
434,merdeka.com
435,irctc.co.in
436,cnzz.com
437,wattpad.com
438,elbalad.news
439,uptodown.com
440,ouo.io
441,sourceforge.net
442,wayfair.com
443,trustpilot.com
444,kissanime.ru
445,constantcontact.com
446,google.com.pk
447,codepen.io
448,crptgate.com
449,td.com
450,hotels.com
451,heavy.com
452,taleo.net
453,360.com
454,go.com
455,prothomalo.com
456,wp.pl
457,mi.com
458,issuu.com
459,flaticon.com
460,nike.com
461,banvenez.com
462,pulzo.com
463,elsevier.com
464,ninisite.com
465,sahibinden.com
466,google.ro
467,myanmarload.com
468,exoclick.com
469,fidelity.com
470,onet.pl
471,telewebion.com
472,sarkariresult.com
473,t-online.de
474,steampowered.com
475,nordstrom.com
476,myworkday.com
477,tutorialspoint.com
478,namu.wiki
479,google.co.ve
480,mailchimp.com
481,douyu.com
482,subscene.com
483,in.gr
484,concursolutions.com
485,udn.com
486,livedoor.jp
487,crabsecret.tmall.com
488,springer.com
489,qj.com.cn
490,ign.com
491,att.com
492,spao.tmall.com
493,indoxx1.network
494,gotomeeting.com
495,51.la
496,rarbg.to
497,mathrubhumi.com
498,egy.best
499,youdao.com
500,elpais.com
501,err.tmall.com
502,nikkei.com
503,google.co.za
504,nypost.com
505,pixiv.net
506,rezka.ag
507,news18.com
508,alodokter.com
509,userapi.com
510,buffer.com
511,meetup.com
512,ebay.com.au
513,delta.com
514,amazon.com.mx
515,indiatoday.in
516,yr9n47004g.com
517,google.co.ao
518,macys.com
519,kinokrad.co
520,yandex.com
521,drom.ru
522,getbootstrap.com
523,emol.com
524,elwatannews.com
525,t.me
526,hm.com
527,lordsfilm.tv
528,files.wordpress.com
529,ozon.ru
530,wordreference.com
531,lun.com
532,souq.com
533,0byv9mgbn0.com
534,akamaized.net
535,google.com.co
536,azure.com
537,kickstarter.com
538,op.gg
539,kompasiana.com
540,gamespot.com
541,hh.ru
542,mlb.com
543,marketwatch.com
544,ivi.ru
545,quizlet.com
546,google.com.pe
547,hubspot.com
548,dcard.tw
549,11st.co.kr
550,vnexpress.net
551,shopify.com
552,blackboard.com
553,zippyshare.com
554,cjl58f3agc.com
555,bolasport.com
556,coursera.org
557,bancodevenezuela.com
558,ecosia.org
559,upwork.com
560,uidai.gov.in
561,mileroticos.com
562,moneycontrol.com
563,thewhizmarketing.com
564,groupon.com
565,cisco.com
566,memurlar.net
567,shopee.tw
568,google.cl
569,ria.ru
570,hatenablog.com
571,agoda.com
572,stremanp.com
573,kijiji.ca
574,intoday.in
575,tokopedia.com
576,chinaz.com
577,wish.com
578,notify-service.com
579,canada.ca
580,gamer.com.tw
581,wiley.com
582,lowes.com
583,bhphotovideo.com
584,google.dz
585,seznam.cz
586,leagueoflegends.com
587,wildberries.ru
588,lifewire.com
589,newegg.com
590,chron.com
591,animeflv.net
592,thewhizproducts.com
593,farfetch.com
594,motor1.com
595,bankmellat.ir
596,duolingo.com
597,ibm.com
598,southwest.com
599,creditkarma.com
600,autodesk.com
601,banggood.com
602,kapanlagi.com
603,getawesome2.com
604,nownews.com
605,bitly.com
606,xe.com
607,susm0q6jys.com
608,65vk1fba34.com
609,ebay.it
610,investopedia.com
611,kayak.com
612,gsmarena.com
613,kakao.com
614,l6b587txj1.com
615,state.gov
616,pandora.com
617,lee.tmall.com
618,beeg.com
619,jooble.org
620,bnsjb1ab1e.com
621,asus.com
622,olx.com.br
623,caixa.gov.br
624,drudgereport.com
625,91jm.com
626,asana.com
627,americanas.com.br
628,chess.com
629,iqoption.com
630,canalrcn.com
631,merriam-webster.com
632,npr.org
633,gmarket.co.kr
634,techradar.com
635,chissk.icu
636,vidio.com
637,paytm.com
638,toutiao.com
639,kinogo.by
640,banesconline.com
641,lihkg.com
642,urdupoint.com
643,ultimate-guitar.com
644,playstation.com
645,gmx.net
646,rottentomatoes.com
647,so3ody.com
648,cleartax.in
649,nhk.or.jp
650,cimaclub.com
651,gizmodo.com
652,lazada.sg
653,timeanddate.com
654,www.gov.uk
655,klix.ba
656,infobae.com
657,goo.ne.jp
658,epfindia.gov.in
659,vseigru.net
660,turkiye.gov.tr
661,intentmedia.net
662,uber.com
663,google.az
664,lenta.ru
665,world.tmall.com
666,minecraft.net
667,andhrajyothy.com
668,lifo.gr
669,feedly.com
670,nbcnews.com
671,mxc.com
672,pelisplus.co
673,axisbank.co.in
674,cnnindonesia.com
675,viva.co.id
676,free.fr
677,meb.gov.tr
678,khanacademy.org
679,ameblo.jp
680,cinecalidad.to
681,trulia.com
682,as.com
683,hesport.com
684,service-now.com
685,myornamenti.com
686,motorsport.com
687,verizonwireless.com
688,adaranth.com
689,ytmp3.cc
690,2movierulz.ac
691,nike.tmall.com
692,google.be
693,urfs.tmall.com
694,elintransigente.com
695,bleacherreport.com
696,youku.com
697,sapo.ao
698,aa.com
699,pchome.com.tw
700,visualstudio.com
701,qualtrics.com
702,urbandictionary.com
703,typeform.com
704,jf71qh5v14.com
705,google.ch
706,legit.ng
707,cnnic.cn
708,digitalocean.com
709,zol.com.cn
710,spiegel.de
711,united.com
712,engadget.com
713,coinmarketcap.com
714,ukr.net
715,nyaa.si
716,sportbible.com
717,abola.pt
718,wiktionary.org
719,mercadolibre.com.ve
720,thefreedictionary.com
721,privatbank.ua
722,makemytrip.com
723,tempo.co
724,gmanetwork.com
725,myanimelist.net
726,nikkansports.com
727,hatena.ne.jp
728,deepl.com
729,albawabhnews.com
730,discuss.com.hk
731,internetdownloadmanager.com
732,dawn.com
733,xero.com
734,pikabu.ru
735,heroesofrpg.com
736,sonhoo.com
737,ziprecruiter.com
738,google.at
739,freejobalert.com
740,istockphoto.com
741,lenovo.com
742,kerumal.com
743,weblio.jp
744,brilio.net
745,donga.com
746,zerodha.com
747,joins.com
748,orange.fr
749,discogs.com
750,81.cn
751,dmm.com
752,discover.com
753,fmovies.to
754,prom.ua
755,bandcamp.com
756,trendingnow.video
757,wordpress.org
758,shouji.tmall.com
759,irs.gov
760,rbc.ru
761,gucn.tmall.com
762,elmogaz.com
763,bild.de
764,getpocket.com
765,rapidgator.net
766,tencent.com
767,wunderground.com
768,doublepimp.com
769,mit.edu
770,epwk.com
771,cryptobrowser.site
772,ntdtv.kr
773,3dmgame.com
774,114la.com
775,reclameaqui.com.br
776,crunchyroll.com
777,storm.mg
778,imis.tmall.com
779,watch.tmall.com
780,cnki.net
781,royalbank.com
782,sputniknews.com
783,focus.cn
784,chatwork.com
785,hamariweb.com
786,ptt.cc
787,mawdoo3.com
788,myntra.com
789,hotmart.com
790,cdiscount.com
791,epicgames.com
792,php.net
793,abril.com.br
794,cricbuzz.com
795,dafont.com
796,yeskapchabest.info
797,lafuma.tmall.com
798,strava.com
799,cbsnews.com
800,zomato.com
801,tim.it
802,milliyet.com.tr
803,sozcu.com.tr
804,xhamsterlive.com
805,oschina.net
806,socialblade.com
807,vtv.vn
808,google.pt
809,myworkdayjobs.com
810,ctrip.com
811,audible.com
812,mayoclinic.org
813,gyazo.com
814,4chan.org
815,tdscpc.gov.in
816,kohls.com
817,qiannaimei.tmall.com
818,icloud.com
819,people.com
820,dhl.com
821,usnews.com
822,billdesk.com
823,best2019-games-web1.com
824,book.tmall.com
825,jpmorganchase.com
826,europa.eu
827,editor.wix.com
828,gamersky.com
829,espncricinfo.com
830,ea.com
831,bmi.ir
832,eksisozluk.com
833,fast.com
834,kooora.com
835,z1.fm
836,repubblica.it
837,tamin.ir
838,telegraph.co.uk
839,haberturk.com
840,elmundo.es
841,afip.gob.ar
842,biblegateway.com
843,sbrf.ru
844,live.net
845,hurriyet.com.tr
846,cima4u.tv
847,uptobox.com
848,costco.com
849,subito.it
850,farsnews.com
851,jiwu.com
852,efu.com.cn
853,lining.tmall.com
854,yenicag.az
855,dianping.com
856,seasonvar.ru
857,threegun.tmall.com
858,everydayhealth.com.tw
859,disqus.com
860,usbank.com
861,thesun.co.uk
862,intel.com
863,google.com.my
864,skroutz.gr
865,colorlib.com
866,mynet.com
867,cabbeen.tmall.com
868,pornhublive.com
869,shein.com
870,new3c.tmall.com
871,shopee.co.id
872,depositphotos.com
873,sakshi.com
874,beytoote.com
875,ticketmaster.com
876,hotnewhiphop.com
877,zara.com
878,iyiou.com
879,nairaland.com
880,narcity.com
881,filehippo.com
882,google.hu
883,alicdn.com
884,liansuo.com
885,uod2quk646.com
886,custhelp.com
887,csod.com
888,fazenda.gov.br
889,schwab.com
890,plurk.com
891,ih5.cn
892,teachable.com
893,interia.pl
894,huawei.com
895,politico.com
896,yeniakit.com.tr
897,pantip.com
898,popcash.net
899,bag.tmall.com
900,itv.com
901,topshop.tmall.com
902,gusuwang.com
903,kizlarsoruyor.com
904,google.ae
905,mysearch.com
906,avgle.com
907,clien.net
908,teamviewer.com
909,ecleneue.com
910,creditonebank.com
911,pinterest.jp
912,zougla.gr
913,asriran.com
914,pprq7.com
915,newbalance.tmall.com
916,eporner.com
917,amazon.com.au
918,propdfconverter.com
919,calvinklein.tmall.com
920,retailmenot.com
921,ameritrade.com
922,lapatilla.com
923,dw.com
924,fehobmasr.com
925,online-convert.com
926,zhiding.cn
927,provincial.com
928,gjirafa.com
929,iherb.com
930,google.com.ph
931,zappos.com
932,trendyol.com
933,yjc.ir
934,coupang.com
935,kemdikbud.go.id
936,eland.tmall.com
937,lachapelle.tmall.com
938,honeys.tmall.com
939,superuser.com
940,avast.com
941,verizon.com
942,septwolves.tmall.com
943,whitepages.com
944,medicalnewstoday.com
945,sabah.com.tr
946,2conv.com
947,celebrityinsider.org
948,fararu.com
949,cam4.com
950,ameba.jp
951,gazeta.ru
952,mobile.de
953,asahi.com
954,myfreecams.com
955,pngtree.com
956,dcinside.com
957,ieee.org
958,hibapress.com
959,duba.com
960,jamnews.com
961,payu.in
962,txxx.com
963,kp.ru
964,youjizz.com
965,hollisterco.tmall.com
966,wp.com
967,notifications.website
968,gittigidiyor.com
969,yout.com
970,neobux.com
971,themeforest.net
972,auction.co.kr
973,wondershare.com
974,correios.com.br
975,ted.com
976,maniform.tmall.com
977,jia.tmall.com
978,yespornplease.com
979,digitaltrends.com
980,dagospia.com
981,qoo10.sg
982,n11.com
983,it.tmall.com
984,webex.com
985,gaana.com
986,apkpure.com
987,ruliweb.com
988,2m.ma
989,drive2.ru
990,forever21.tmall.com
991,discoveryexpedition.tmall.com
992,fullhdfilmizlesene.net
993,dailypost.ng
994,v2ex.com
995,eenadu.net
996,friv.com
997,pole-emploi.fr
998,artstation.com
999,hk01.com
1000,dbs.com.sg
1001,dictionary.com
1002,basichouse.tmall.com
1003,bookmyshow.com
1004,isna.ir
1005,dai.tmall.com
1006,msi.com
1007,reverb.com
1008,mp3hub.com
1009,cncn.org.cn
1010,gofundme.com
1011,alnaharegypt.com
1012,yodobashi.com
1013,poste.it
1014,jagranjosh.com
1015,media.tumblr.com
1016,zhaopin.com
1017,manyvids.com
1018,wt.tmall.com
1019,wowhead.com
1020,wease.im
1021,indosport.com
1022,howtogeek.com
1023,elfagr.com
1024,esprit.tmall.com
1025,car.tmall.com
1026,nvidia.com
1027,antpedia.com
1028,prezi.com
1029,teacherspayteachers.com
1030,blibli.com
1031,ceconline.com
1032,usaa.com
1033,blog.me
1034,tarafdari.com
1035,skyscanner.net
1036,indianexpress.com
1037,bershka.tmall.com
1038,goal.com
1039,redfin.com
1040,inc.com
1041,ibicn.com
1042,ed.gov
1043,baby.tmall.com
1044,peacebird.tmall.com
1045,nanxie.tmall.com
1046,harvard.edu
1047,argaam.com
1048,kolonsport.tmall.com
1049,jugantor.com
1050,ynet.co.il
1051,uzone.id
1052,reallifecam.com
1053,sporx.com
1054,thehindu.com
1055,expressvpn.com
1056,2gis.ru
1057,scotiabank.com
1058,icims.com
1059,setare.com
1060,kknews.cc
1061,saramin.co.kr
1062,lefigaro.fr
1063,punchng.com
1064,phengung.net
1065,zing.vn
1066,sonyliv.com
1067,pnc.com
1068,makeuseof.com
1069,dyson.tmall.com
1070,swagbucks.com
1071,commentcamarche.net
1072,mercari.com
1073,126.com
1074,divxtotal3.net
1075,mp3-youtube.download
1076,ku.tmall.com
1077,bol.uol.com.br
1078,gamebase.com.tw
1079,makeleio.gr
1080,scofield.tmall.com
1081,viu.com
1082,jagran.com
1083,pcmag.com
1084,constintptr.com
1085,comandotorrents.com
1086,gainreel.tmall.com
1087,testbook.com
1088,haber7.com
1089,52pojie.cn
1090,smugmug.com
1091,abema.tv
1092,lifehacker.com
1093,ccm.net
1094,cpic.com.cn
1095,standardmedia.co.ke
1096,tableau.com
1097,ibps.in
1098,sports.tmall.com
1099,abc.es
1100,dickies.tmall.com
1101,gogoanime.io
1102,ryanair.com
1103,dailyfeed.co.uk
1104,zapmeta.ws
1105,uscis.gov
1106,runoob.com
1107,tagged.com
1108,milanuncios.com
1109,s20dh7e9dh.com
1110,mercantilbanco.com
1111,tasnimnews.com
1112,java.com
1113,independent.co.uk
1114,yallakora.com
1115,tsetmc.com
1116,www.gob.mx
1117,hugedomains.com
1118,dhgate.com
1119,etrade.com
1120,ria.com
1121,avito.ma
1122,weather.gov
1123,ancestry.com
1124,google.sk
1125,lieyunwang.com
1126,snapdeal.com
1127,tonlion.tmall.com
1128,doorblog.jp
1129,fairwhale.tmall.com
1130,dailycaller.com
1131,gazetaexpress.com
1132,zaful.com
1133,jeuxvideo.com
1134,bhaskar.com
1135,gotporn.com
1136,adobelogin.com
1137,inmotionhosting.com
1138,dikaiologitika.gr
1139,vrbo.com
1140,avg.com
1141,hepsiburada.com
1142,blogfa.com
1143,gap.com
1144,cvk.gov.ua
1145,gemius.com
1146,publinews.gt
1147,coursehero.com
1148,ssl-images-amazon.com
1149,business.site
1150,enimerotiko.gr
1151,hilton.com
1152,vesti.ru
1153,vidstream.top
1154,semanticscholar.org
1155,techtudo.com.br
1156,1111.com.tw
1157,overstock.com
1158,padssup.com
1159,familydoctor.com.cn
1160,filimo.com
1161,drtuber.com
1162,tut.by
1163,elitetorrent.one
1164,4399.com
1165,kotaku.com
1166,successfactors.com
1167,umeng.com
1168,ctoutiao.com
1169,it168.com
1170,nate.com
1171,corriere.it
1172,kisspng.com
1173,mydiba.site
1174,battle.net
1175,thehill.com
1176,marksandspencer.tmall.com
1177,cnbeta.com
1178,express.pk
1179,17track.net
1180,successfactors.eu
1181,shopee.com.my
1182,wired.com
1183,chinatimes.com
1184,allrecipes.com
1185,hindustantimes.com
1186,cmoney.tw
1187,portaldoholanda.com.br
1188,langsha.tmall.com
1189,echo.msk.ru
1190,chip.de
1191,ionos.com
1192,nasa.gov
1193,archiveofourown.org
1194,mehrnews.com
1195,alsolta.net
1196,labanquepostale.fr
1197,click-on-this.today
1198,everydaykoala.com
1199,xdf.cn
1200,taringa.net
1201,58.com
1202,crazygames.com
1203,bih.nic.in
1204,tube8.com
1205,dhl.de
1206,t-mobile.com
1207,anta.tmall.com
1208,google.co.il
1209,tinder.com
1210,badoo.com
1211,soft98.ir
1212,arxiv.org
1213,naver.jp
1214,lotterypost.com
1215,jpnn.com
1216,cbssports.com
1217,ccavenue.com
1218,okcupid.com
1219,skysports.com
1220,jeanswest.tmall.com
1221,businessweekly.com.tw
1222,absher.sa
1223,spectrum.net
1224,noaa.gov
1225,nexusmods.com
1226,aizhan.com
1227,exhentai.org
1228,protothema.gr
1229,netteller.com
1230,vkuservideo.net
1231,rozetka.com.ua
1232,bola.net
1233,bicentenariobu.com
1234,bb.com.br
1235,cbc.ca
1236,otnolatrnup.com
1237,arcot.com
1238,appledaily.com
1239,britannica.com
1240,bzw315.com
1241,crhoy.com
1242,users.wix.com
1243,nanzhuang.tmall.com
1244,medianewtab.com
1245,theverge.com
1246,jobkorea.co.kr
1247,todoist.com
1248,ny.gov
1249,sapo.pt
1250,mediacategory.com
1251,about.google
1252,segmentfault.com
1253,tandfonline.com
1254,avaz.ba
1255,thehansindia.com
1256,indiegogo.com
1257,tax.gov.ir
1258,sfr.fr
1259,edx.org
1260,epochtimes.com
1261,cloudinary.com
1262,google.se
1263,python.org
1264,rappler.com
1265,jackjones.tmall.com
1266,shadbase.com
1267,caixabank.es
1268,torrentwal.com
1269,tiktok.com
1270,google.nl
1271,thedailybeast.com
1272,xbox.com
1273,astrologyanswers.com
1274,interpark.com
1275,4shared.com
1276,ccleaner.com
1277,jumia.com.ng
1278,turbo.az
1279,anjuke.com
1280,google.cz
1281,gettyimages.com
1282,ezgif.com
1283,cookpad.com
1284,ithome.com
1285,polygon.com
1286,e-hentai.org
1287,abcnews.go.com
1288,nation.co.ke
1289,unblocked.lc
1290,mailchi.mp
1291,lemonde.fr
1292,thethao247.vn
1293,1xswv.world
1294,haofang.net
1295,evolife.cn
1296,rsalcdp.com
1297,tutsplus.com
1298,sports.ru
1299,triumph.tmall.com
1300,privat24.ua
1301,glassdoor.co.in
1302,diariolibre.com
1303,sat.gob.mx
1304,123rf.com
1305,tgju.org
1306,youla.ru
1307,yenisafak.com
1308,wysasys.com
1309,over-blog.com
1310,akoam.net
1311,24h.com.vn
1312,time.com
1313,cda.pl
1314,hi.gt
1315,bluehost.com
1316,rzd.ru
1317,priceline.com
1318,jimdo.com
1319,nba.com
1320,joqalbania.com
1321,who.int
1322,vox.com
1323,telekom.com
1324,fmkorea.com
1325,mptentry.com
1326,express.co.uk
1327,imooc.com
1328,shop-apotheke.com
1329,chegg.com
1330,ruten.com.tw
1331,oneindia.com
1332,thenews.com.pk
1333,perfectgirls.net
1334,poshmark.com
1335,finn.no
1336,olx.ro
1337,pornpics.com
1338,photofans.cn
1339,doktersehat.com
1340,aviasales.ru
1341,caf.fr
1342,wlp-acs.com
1343,babyschool.com.cn
1344,cic.gc.ca
1345,credit-agricole.fr
1346,vcommission.com
1347,study.com
1348,pixlr.com
1349,to8to.com
1350,javatpoint.com
1351,virgilio.it
1352,att.net
1353,otzovik.com
1354,maybank2u.com.my
1355,film2movie.ws
1356,4pda.ru
1357,gridoto.com
1358,turbobit.net
1359,dream.co.id
1360,videoconverterhd.com
1361,earthmusic.tmall.com
1362,shopee.vn
1363,elbilad.net
1364,aastocks.com
1365,goibibo.com
1366,news.com.au
1367,lazada.co.th
1368,xda-developers.com
1369,nalog.ru
1370,haosou.com
1371,almashhadalaraby.com
1372,nvxie.tmall.com
1373,windowsazure.com
1374,sap.com
1375,srvtrck.com
1376,blog.jp
1377,gazzetta.it
1378,gst.gov.in
1379,daily.co.jp
1380,plex.tv
1381,2345.com
1382,torob.com
1383,india.com
1384,360doc.com
1385,kenh14.vn
1386,informer.com
1387,mosaiquefm.net
1388,autotrader.com
1389,nhentai.net
1390,5ch.net
1391,apartments.com
1392,porn.com
1393,xabbs.com
1394,psu.edu
1395,tiki.vn
1396,protonmail.com
1397,revcontent.com
1398,wuxiaworld.com
1399,laleggepertutti.it
1400,myfitnesspal.com
1401,deezer.com
1402,1377x.to
1403,haberler.com
1404,tomshardware.com
1405,sephora.com
1406,bao315.com
1407,terra.com.br
1408,isro.gov.in
1409,9384.com
1410,abc.net.au
1411,jquery.com
1412,ifeng.com
1413,bellesa.co
1414,pochta.ru
1415,jobrapido.com
1416,theatlantic.com
1417,livedoor.biz
1418,alibaba-inc.com
1419,uniqlo.com
1420,sznews.com
1421,instructables.com
1422,elcomercio.com
1423,stanford.edu
1424,semir.tmall.com
1425,thebalancecareers.com
1426,nature.com
1427,chinafloor.cn
1428,etherscan.io
1429,lucidchart.com
1430,olx.in
1431,banma.com
1432,wiocha.pl
1433,eee114.com
1434,bayt.com
1435,boxofficemojo.com
1436,chinaweiyu.com
1437,itau.com.br
1438,movie2free.com
1439,idnes.cz
1440,nutaku.net
1441,clarin.com
1442,made-in-china.com
1443,ebay.ca
1444,ghanaweb.com
1445,togetter.com
1446,dynamics.com
1447,zee5.com
1448,clips4sale.com
1449,xbombo.com
1450,oload.biz
1451,247sports.com
1452,thingiverse.com
1453,zhcw.com
1454,dpreview.com
1455,tesla.com
1456,ytimg.com
1457,angop.ao
1458,donya-e-eqtesad.com
1459,ficbook.net
1460,kitco.com
1461,tenki.jp
1462,ahlmasrnews.com
1463,51cto.com
1464,jstor.org
1465,pdfdrive.com
1466,screenrant.com
1467,blizzard.com
1468,almubasher.com.sa
1469,1tv.ru
1470,newyorker.com
1471,1fichier.com
1472,mos.ru
1473,clipconverter.cc
1474,axisbank.com
1475,chinanetrank.com
1476,lentainform.com
1477,cargurus.com
1478,immobilienscout24.de
1479,voot.com
1480,google.lk
1481,tehran.ir
1482,telugu360.com
1483,motherless.com
1484,pof.com
1485,to10.gr
1486,gumtree.com.au
1487,airasia.com
1488,webtoons.com
1489,afreecatv.com
1490,prensalibre.com
1491,lazada.com.my
1492,hsbc.com.hk
1493,aldar.ma
1494,ecpms.net
1495,adidas.com
1496,paytm.in
1497,rbcroyalbank.com
1498,westernjournal.com
1499,258.com
1500,rockstargames.com
1501,uploaded.net
1502,house365.com
1503,superhaber.tv
1504,rutor.info
1505,elespanol.com
1506,cint.com
1507,playjunkie.com
1508,theweathernetwork.com
1509,caliente.mx
1510,smzdm.com
1511,parivahan.gov.in
1512,hkgolden.com
1513,bastillepost.com
1514,zoomit.ir
1515,gigazine.net
1516,dynsrvtyu.com
1517,el-nacional.com
1518,adme.ru
1519,ufreegames.com
1520,staples.com
1521,zerohedge.com
1522,prnt.sc
1523,arga-mag.com
1524,google.com.ly
1525,spankwire.com
1526,biglobe.ne.jp
1527,cima4up.co
1528,eyny.com
1529,sheypoor.com
1530,tomsguide.com
1531,clk2win.com
1532,mercadolibre.com.co
1533,irecommend.ru
1534,walgreens.com
1535,vanguard.com
1536,iefimerida.gr
1537,ukzn.ac.za
1538,championat.com
1539,chosun.com
1540,rajasthan.gov.in
1541,seek.com.au
1542,statista.com
1543,touristtube.com
1544,mediaset.it
1545,tn.gov.in
1546,dytt8.net
1547,yna.co.kr
1548,eztv.io
1549,sci-hub.tw
1550,jobartis.com
1551,comicbook.com
1552,flirt4free.com
1553,adf.ly
1554,falafelandcaviar.com
1555,chinamenwang.com
1556,alwatanvoice.com
1557,gretaith.com
1558,opensooq.com
1559,downloadastro.com
1560,consultant.ru
1561,hollywoodreporter.com
1562,autohome.com.cn
1563,home77.com
1564,romedy.pro
1565,sport.es
1566,garmin.com
1567,amarujala.com
1568,fanfiction.net
1569,brazzers.com
1570,monografias.com
1571,amazon.ae
1572,mirror.co.uk
1573,winbank.gr
1574,gsis.gr
1575,pagseguro.uol.com.br
1576,dreamstime.com
1577,ranker.com
1578,askubuntu.com
1579,iliangcang.com
1580,wixstatic.com
1581,gongchang.com
1582,t66y.com
1583,match.com
1584,tabelog.com
1585,monster.com
1586,softfamous.com
1587,liqu.com
1588,box.net
1589,hotjar.com
1590,secureinternetbank.com
1591,jobinja.ir
1592,ft.com
1593,pinterest.es
1594,xuite.net
1595,japanpost.jp
1596,dalfak.com
1597,alfabank.ru
1598,porntrex.com
1599,rackspace.com
1600,nexon.com
1601,serverfault.com
1602,mp3teca.com
1603,blocket.se
1604,nsdl.com
1605,tirto.id
1606,www.gov.cn
1607,nextdirect.com
1608,zazzle.com
1609,analdin.com
1610,letmejerk.com
1611,didestan.com
1612,chinayigui.com
1613,azureedge.net
1614,airtel.in
1615,yournewtab.com
1616,laprensagrafica.com
1617,kinozal.tv
1618,oup.com
1619,sxyprn.com
1620,toapodazoay.com
1621,quikr.com
1622,dribbble.com
1623,mercadolibre.com
1624,otto.de
1625,hipwee.com
1626,somoynews.tv
1627,pcbaby.com.cn
1628,sketchup.com
1629,scroll.in
1630,gismeteo.ua
1631,shomanews.com
1632,onliner.by
1633,elbotola.com
1634,nsw.gov.au
1635,onlinekhabar.com
1636,mvideo.ru
1637,stubhub.com
1638,4channel.org
1639,google.ie
1640,star.com.tr
1641,ana.co.jp
1642,tcs.com
1643,vip.com
1644,oui.sncf
1645,nga.cn
1646,cbs.com
1647,accenture.com
1648,experian.com
1649,khabaronline.ir
1650,mediasource.online
1651,tabnak.ir
1652,tap.az
1653,tripadvisor.ru
1654,nbcsports.com
1655,trustednotice.news
1656,allocine.fr
1657,smartsheet.com
1658,getcourse.ru
1659,inven.co.kr
1660,nifty.com
1661,yourdictionary.com
1662,huim.com
1663,1xbet.com
1664,ebay.fr
1665,opentable.com
1666,gazzetta.gr
1667,parsfootball.com
1668,w3school.com.cn
1669,juntadeandalucia.es
1670,support.wordpress.com
1671,labirint.ru
1672,mail.com
1673,wikiwand.com
1674,copts-united.com
1675,furaffinity.net
1676,chinachugui.com
1677,gimy.tv
1678,legacy.com
1679,greatandhra.com
1680,i.ua
1681,sanook.com
1682,realestate.com.au
1683,cars.com
1684,template.net
1685,windows.net
1686,focus.de
1687,wetter.com
1688,fandango.com
1689,twoo.com
1690,businesstoday.com.tw
1691,kino-teatr.ru
1692,foodnetwork.com
1693,urechar.com
1694,zone-telechargement.net
1695,jia400.com
1696,bahn.de
1697,impots.gouv.fr
1698,klikbca.com
1699,lavanguardia.com
1700,dunyanews.tv
1701,elsalvador.com
1702,nfl.com
1703,99designs.com
1704,adexchangegate.com
1705,doodle.com
1706,blog.wordpress.com
1707,donanimhaber.com
1708,joinhoney.com
1709,brassring.com
1710,quintag.com
1711,kuronekoyamato.co.jp
1712,tci.ir
1713,collegedunia.com
1714,gradeup.co
1715,yammer.com
1716,gelonghui.com
1717,sfgate.com
1718,ule.com
1719,torrentmap.com
1720,xiaomi.com
1721,opera.com
1722,eset.com
1723,horriblesubs.info
1724,oricon.co.jp
1725,sbicard.com
1726,jogos360.com.br
1727,synchronycredit.com
1728,efukt.com
1729,tmz.com
1730,rt.ru
1731,docin.com
1732,vagaro.com
1733,igg-games.com
1734,vfsglobal.com
1735,unity.com
1736,vg.no
1737,thomann.de
1738,hupu.com
1739,bodybuilding.com
1740,euronews.com
1741,cnyes.com
1742,emirates.com
1743,mangarock.com
1744,osym.gov.tr
1745,movieweb.com
1746,telegraf.com.ua
1747,iwanttodeliver.com
1748,pastebin.com
1749,y8.com
1750,eastmoney.com
1751,wowkeren.com
1752,zaycev.net
1753,nseindia.com
1754,dstv.com
1755,ennaharonline.com
1756,flightradar24.com
1757,csc.gov.in
1758,newsmth.net
1759,bola.com
1760,boc.cn
1761,computerbild.de
1762,ask.fm
1763,easeus.com
1764,tutu.ru
1765,idealista.com
1766,eonline.com
1767,spiceworks.com
1768,besoccer.com
1769,redbubble.com
1770,dayoo.com
1771,maranhesduve.club
1772,ewaybillgst.gov.in
1773,impress.co.jp
1774,storage.googleapis.com
1775,hi.ru
1776,listindiario.com
1777,zhangw8.com
1778,churchofjesuschrist.org
1779,utorrent.com
1780,99acres.com
1781,meaww.com
1782,techtarget.com
1783,lanacion.com.ar
1784,cosmopolitan.com
1785,latestsocial.com
1786,streamable.com
1787,sankei.com
1788,dostor.org
1789,optimizesrv.com
1790,book118.com
1791,apache.org
1792,tsn.ua
1793,zhibo8.cc
1794,adoptapet.com
1795,178.com
1796,01net.com
1797,cybozu.com
1798,basecamp.com
1799,sdpnoticias.com
1800,kalerkantho.com
1801,glosbe.com
1802,outlook.com
1803,keepvid.pro
1804,mylife.com
1805,olx.com.eg
1806,blog.ir
1807,iweihai.cn
1808,chaduo.com
1809,unicredit.it
1810,newsnow.co.uk
1811,billboard.com
1812,onelogin.com
1813,feebee.com.tw
1814,medianetto.com
1815,content.tmall.com
1816,mydramalist.com
1817,foursquare.com
1818,freepik.es
1819,sbisec.co.jp
1820,focuusing.com
1821,fnb.co.za
1822,zulily.com
1823,aminoapps.com
1824,dailythanthi.com
1825,morningpost.com.cn
1826,naijaloaded.com.ng
1827,tower.im
1828,dicio.com.br
1829,lequipe.fr
1830,bitbucket.org
1831,lifehacker.ru
1832,vvvdj.com
1833,republika.co.id
1834,kapook.com
1835,hochi.news
1836,bedbathandbeyond.com
1837,sponichi.co.jp
1838,yoox.com
1839,citilink.ru
1840,fb.ru
1841,barclaycardus.com
1842,amazon.com.br
1843,elconfidencial.com
1844,oxu.az
1845,nbg.gr
1846,qiwi.com
1847,99114.com
1848,akurat.co
1849,forums.wordpress.com
1850,magazineluiza.com.br
1851,hwcdn.net
1852,baixaki.com.br
1853,ismedia.jp
1854,adultfriendfinder.com
1855,yaplakal.com
1856,welt.de
1857,psychologytoday.com
1858,guru99.com
1859,mobile01.com
1860,curseforge.com
1861,olx.com.pk
1862,significados.com.br
1863,easyziptab.com
1864,infusionsoft.com
1865,popsugar.com
1866,jdsports.co.uk
1867,serving-sys.com
1868,paisabazaar.com
1869,jiji.com
1870,storiespace.com
1871,chiphell.com
1872,gucci.com
1873,kensaq.com
1874,walmart.ca
1875,theporndude.com
1876,zcool.com.cn
1877,cian.ru
1878,fotostrana.ru
1879,tvbs.com.tw
1880,rei.com
1881,agenziaentrate.gov.it
1882,rp5.ru
1883,acs.org
1884,aftership.com
1885,enstage-sas.com
1886,yggtorrent.ch
1887,iheart.com
1888,disney.go.com
1889,oclasrv.com
1890,google.co.ma
1891,ebates.com
1892,vectorstock.com
1893,etnet.com.hk
1894,codeproject.com
1895,vporn.com
1896,fssnet.co.in
1897,trip.com
1898,lamoda.ru
1899,ebay.es
1900,fbdown.net
1901,startpage.com
1902,dji.com
1903,linktr.ee
1904,qatarairways.com
1905,jjwxc.net
1906,rutube.ru
1907,livescore.com
1908,passportindia.gov.in
1909,24tv.ua
1910,worldstarhiphop.com
1911,cutestat.com
1912,evite.com
1913,incruit.com
1914,howstuffworks.com
1915,manganelo.com
1916,viki.com
1917,atlassian.com
1918,ato.gov.au
1919,gogetsplendidapps.com
1920,bankbazaar.com
1921,complex.com
1922,last.fm
1923,le360.ma
1924,v-s.mobi
1925,onlinedown.net
1926,gamestop.com
1927,ew.com
1928,mk.ru
1929,pravda.com.ua
1930,moi.gov.sa
1931,linguee.fr
1932,balenciaga.com
1933,orientation-esi.dz
1934,citibank.co.in
1935,google.kz
1936,jusbrasil.com.br
1937,mundodeportivo.com
1938,ggpht.com
1939,socialplant.com
1940,today.com
1941,torrent9.cz
1942,litres.ru
1943,yektanet.com
1944,zozo.jp
1945,sky.com
1946,orf.at
1947,seekingalpha.com
1948,danawa.com
1949,nordstromrack.com
1950,rarbgprx.org
1951,jcrew.com
1952,kaiserpermanente.org
1953,xtube.com
1954,google.hr
1955,offerpropp.com
1956,flashscore.com
1957,mtx.cn
1958,eroterest.net
1959,focus123.cn
1960,bangbros.com
1961,biggo.com.tw
1962,trafficfactory.biz
1963,bluestacks.com
1964,unity3d.com
1965,jotform.com
1966,ameli.fr
1967,latimes.com
1968,qz.com
1969,freee.co.jp
1970,winshang.com
1971,samplicio.us
1972,mathworks.com
1973,washingtonexaminer.com
1974,people.com.cn
1975,francetvinfo.fr
1976,zdnet.com
1977,al3omk.com
1978,eshkol.io
1979,hitomi.la
1980,cibc.com
1981,nordvpn.com
1982,un.org
1983,dzone.com
1984,cqnews.net
1985,wtoip.com
1986,lg.com
1987,bitrix24.com
1988,mapquest.com
1989,zi.media
1990,quasa.io
1991,nextdoor.com
1992,verajohn.com
1993,gtarcade.com
1994,metro.co.uk
1995,thebase.in
1996,bbb.org
1997,baskino.me
1998,deutsche-bank.de
1999,orbitz.com
2000,barnesandnoble.com
2001,bibox.com
2002,yandex.ua
2003,hotpepper.jp
2004,meteofrance.com
2005,buy.tmall.com
2006,feng.com
2007,gameforge.com
2008,globalsources.com
2009,okp.com
2010,officedepot.com
2011,karar.com
2012,timeout.com
2013,otomoto.pl
2014,livestrong.com
2015,36kr.com
2016,nghmaty.com
2017,vistaprint.com
2018,shimo.im
2019,dhs.gov
2020,smbc-card.com
2021,mercadolibre.cl
2022,submarino.com.br
2023,xing.com
2024,vanguardngr.com
2025,boohoo.com
2026,sportzbonanza.com
2027,bab.la
2028,ibanking-services.com
2029,ppomppu.co.kr
2030,masrawy.com
2031,seloger.com
2032,suntrust.com
2033,unam.mx
2034,g2a.com
2035,skyscanner.ru
2036,sbi.co.in
2037,yandex.kz
2038,pushmobilenews.com
2039,pornhd.com
2040,cdc.gov
2041,popdaily.com.tw
2042,ashemaletube.com
2043,tripadvisor.it
2044,buy123.com.tw
2045,eluniverso.com
2046,oa.com
2047,aliyuncs.com
2048,ojooo.com
2049,jetbrains.com
2050,obozrevatel.com
2051,liepin.com
2052,nydailynews.com
2053,figma.com
2054,mejortorrentt.org
2055,akhbarelyom.com
2056,futbin.com
2057,aruba.it
2058,readms.net
2059,20minutes.fr
2060,yandex.com.tr
2061,forgeofempires.com
2062,17zwd.com
2063,bronav.com
2064,nationalgeographic.com
2065,movs4u.to
2066,kotobank.jp
2067,filmibeat.com
2068,rus.ec
2069,nintendo.com
2070,renren.com
2071,1818lao.com
2072,eghtesadnews.com
2073,webcrawler.com
2074,jmw.com.cn
2075,bytefence.com
2076,dummies.com
2077,cheapoair.com
2078,oraclecloud.com
2079,cic.fr
2080,freshdesk.com
2081,hujiang.com
2082,cafebazaar.ir
2083,cvs.com
2084,magicbricks.com
2085,ximalaya.com
2086,urbanoutfitters.com
2087,tribune.com.pk
2088,ontvtime.ru
2089,utarget.ru
2090,pagesjaunes.fr
2091,appannie.com
2092,angonoticias.com
2093,newstracklive.com
2094,msftconnecttest.com
2095,my.gov.au
2096,folha.uol.com.br
2097,yifysubtitles.com
2098,samsclub.com
2099,brasilescola.uol.com.br
2100,alarabiya.net
2101,modiseh.com
2102,hbogo.com
2103,givemesport.com
2104,google.no
2105,nhl.com
2106,lazada.com.ph
2107,post.ir
2108,shutterfly.com
2109,mcafee.com
2110,google.bg
2111,heise.de
2112,weibo.cn
2113,sprint.com
2114,netbk.co.jp
2115,internet-start.net
2116,alpha.gr
2117,kiwsy.com.hk
2118,di1cypri.ru
2119,mercadopago.com
2120,imagetwist.com
2121,tnaflix.com
2122,bmo.com
2123,criteo.com
2124,dantri.com.vn
2125,elkhabar.com
2126,chetor.com
2127,10086.cn
2128,koreastardaily.com
2129,6pm.com
2130,pcgamer.com
2131,homes.co.jp
2132,codecademy.com
2133,pbs.org
2134,gayboystube.com
2135,google.com.kw
2136,mobafire.com
2137,gaadiwaadi.com
2138,alsbbora.info
2139,tamilrockers.ws
2140,mturk.com
2141,c-sharpcorner.com
2142,gazeta.pl
2143,dizibox.pw
2144,hjenglish.com
2145,tokyomotion.net
2146,mashreghnews.ir
2147,latam.com
2148,repelisgo.com
2149,performanceonclick.com
2150,houzz.com
2151,convertio.co
2152,khaberni.com
2153,ceneo.pl
2154,google.com.ng
2155,borna.news
2156,so-net.ne.jp
2157,dangdang.com
2158,turnitin.com
2159,shinezone.com
2160,elcomercio.pe
2161,boredpanda.com
2162,weheartit.com
2163,elgenero.com
2164,letras.mus.br
2165,esporte.uol.com.br
2166,towngag.com.hk
2167,khabarfarsi.com
2168,jagonews24.com
2169,nptel.ac.in
2170,adskeeper.co.uk
2171,multitran.com
2172,aglasem.com
2173,wizards.com
2174,yr.no
2175,infoseek.co.jp
2176,tass.ru
2177,vmware.com
2178,delgarm.com
2179,pelisplay.tv
2180,okdiario.com
2181,mashable.com
2182,inps.it
2183,tuko.co.ke
2184,societegenerale.fr
2185,newstrend.news
2186,mercadolivre.com
2187,ssa.gov
2188,static1.squarespace.com
2189,panorama.com.al
2190,mediaad.org
2191,louisvuitton.com
2192,mbank.pl
2193,offerup.com
2194,cbslocal.com
2195,express.com.pk
2196,mts.ru
2197,shopee.co.th
2198,careerbuilder.com
2199,lcl.fr
2200,firstpost.com
2201,apnews.com
2202,collegeboard.org
2203,bitrix24.ru
2204,jcpenney.com
2205,tpsl-india.in
2206,aeroflot.ru
2207,majhinaukri.in
2208,britishcouncil.org
2209,extendoffice.com
2210,bancoestado.cl
2211,tudou.com
2212,mykajabi.com
2213,limetorrents.info
2214,postbank.de
2215,alc.co.jp
2216,digifinex.com
2217,videohive.net
2218,sagepub.com
2219,jang.com.pk
2220,hankyung.com
2221,kinoprofi.vip
2222,wmtransfer.com
2223,slate.com
2224,mydrivers.com
2225,hao245.com
2226,mangakakalot.com
2227,olx.kz
2228,bancadigitalbod.com
2229,habr.com
2230,kerala.gov.in
2231,gujarat.gov.in
2232,vogue.com.tw
2233,thoughtco.com
2234,xhamsterpremium.com
2235,amazon.jobs
2236,televisionfanatic.com
2237,state.tx.us
2238,techbang.com
2239,ipko.pl
2240,hrloo.com
2241,aftonbladet.se
2242,activecampaign.com
2243,cardinalcommerce.com
2244,techspot.com
2245,liquipedia.net
2246,bizrate.com
2247,mp3party.net
2248,cointelegraph.com
2249,economist.com
2250,pornolab.net
2251,vmall.com
2252,abplive.in
2253,gnula.nu
2254,onlinewatchmovies.com.pk
2255,rbc.ua
2256,banesco.com
2257,pressreader.com
2258,cu6.io
2259,olx.co.id
2260,piratebay-proxylist.se
2261,acfun.cn
2262,sabay.com.kh
2263,planetsuzy.org
2264,wykop.pl
2265,band.us
2266,sharefile.com
2267,vijesti.ba
2268,sf-express.com
2269,rokna.net
2270,buyersdrive.com
2271,android.com
2272,qatarliving.com
2273,docusign.com
2274,academic.ru
2275,pinterest.de
2276,pcpartpicker.com
2277,malavida.com
2278,deref-web-02.de
2279,forever21.com
2280,filecrypt.cc
2281,phimmoi.net
2282,planetminecraft.com
2283,korrespondent.net
2284,rightmove.co.uk
2285,mofidonline.com
2286,pec.it
2287,bradesco.com.br
2288,sucuri.net
2289,farfeshplus.com
2290,popjav.tv
2291,sinogoodies.hk
2292,azlyrics.com
2293,encuentra24.com
2294,centrum24.pl
2295,idealo.de
2296,zbwg.cc
2297,docusign.net
2298,filgoal.com
2299,gumtree.pl
2300,vecteezy.com
2301,bd-pratidin.com
2302,aif.ru
2303,softpedia.com
2304,al-marsd.com
2305,google.rs
2306,e-taxes.gov.az
2307,indiewire.com
2308,ilacrehberi.com
2309,newsweek.com
2310,one.com
2311,pornsos.com
2312,tizianafausti.com
2313,mastercuriosidadesbr.com
2314,irna.ir
2315,deref-gmx.net
2316,stockx.com
2317,roll20.net
2318,anyporn.com
2319,qyer.com
2320,share-videos.se
2321,segodnya.ua
2322,livehindustan.com
2323,safefinder.com
2324,zarinpal.com
2325,ali213.net
2326,yle.fi
2327,channelmyanmar.org
2328,lynda.com
2329,insider.com
2330,easyjet.com
2331,123movies.gdn
2332,logic-immo.com
2333,mrporter.com
2334,infourok.ru
2335,fushaar.com
2336,itmedia.co.jp
2337,teespring.com
2338,tureng.com
2339,proxtpb.art
2340,inss.gov.br
2341,opensubtitles.org
2342,kaggle.com
2343,btolat.com
2344,techrepublic.com
2345,filehorse.com
2346,ihg.com
2347,motorplus-online.com
2348,leagueofgraphs.com
2349,lowyat.net
2350,eurobank.gr
2351,addtoany.com
2352,zum.com
2353,panet.co.il
2354,novinky.cz
2355,bancobai.ao
2356,miit.gov.cn
2357,udg.mx
2358,taroot-rangi.com
2359,jal.co.jp
2360,stripchat.com
2361,cafe24.com
2362,directv.com
2363,nitroflare.com
2364,tanja24.com
2365,mymapsexpress.com
2366,mcs.gov.sa
2367,eltiempo.com
2368,chsi.com.cn
2369,windowscentral.com
2370,mirconnect.ru
2371,ouo.press
2372,befunky.com
2373,get-express-vpn.com
2374,1und1.de
2375,gimmemore.com
2376,filmfanatic.com
2377,egnyte.com
2378,squareup.com
2379,almashhad-alyemeni.com
2380,club-k.net
2381,tvguide.com
2382,binance.com
2383,yalla-shoot.com
2384,fobshanghai.com
2385,sonyentertainmentnetwork.com
2386,lianjia.com
2387,spanishdict.com
2388,lvyou168.cn
2389,alayam24.com
2390,skyscanner.com
2391,sii.cl
2392,atlantico.ao
2393,thechive.com
2394,takvim.com.tr
2395,sport-express.ru
2396,torrentfilmes.net
2397,pluralsight.com
2398,mysql.com
2399,agah.com
2400,techcrunch.com
2401,google.com.do
2402,nab.com.au
2403,torrentz2.eu
2404,schoology.com
2405,banamex.com
2406,du.ac.in
2407,smh.com.au
2408,secondlife.com
2409,commbank.com.au
2410,nikkeibp.co.jp
2411,hbr.org
2412,smbc.co.jp
2413,kshow123.net
2414,blogimg.jp
2415,daraz.pk
2416,doramy.club
2417,diamond.jp
2418,rpgmasterleague.com
2419,wikiwiki.jp
2420,jetblue.com
2421,vexacion.com
2422,shahrekhabar.com
2423,redlink.com.ar
2424,converto.io
2425,ksl.com
2426,bustle.com
2427,brainly.in
2428,collinsdictionary.com
2429,mint.com
2430,b-ok.cc
2431,alarab.com
2432,jointnewmedia.com
2433,moneysmart.id
2434,fao.org
2435,inbox.lv
2436,bazos.sk
2437,kissasian.sh
2438,towardsdatascience.com
2439,sinoptik.ua
2440,huya.com
2441,cnbcindonesia.com
2442,skyeng.ru
2443,pelisplus.to
2444,carsforsale.com
2445,yahoosmallbusiness.com
2446,info.com
2447,doc88.com
2448,nipic.com
2449,3uol.com
2450,testforspeed.com
2451,travelocity.com
2452,thebalance.com
2453,getintopc.com
2454,tinkoff.ru
2455,brainyquote.com
2456,juksy.com
2457,almaany.com
2458,biccamera.com
2459,letour.fr
2460,jumia.com.eg
2461,yoursportspot.com
2462,agenciatributaria.gob.es
2463,tradedoubler.com
2464,googleblog.com
2465,takealot.com
2466,medcom.id
2467,commerzbank.de
2468,juicyads.com
2469,babycenter.com
2470,googletraveladservices.com
2471,ywart.com
2472,kinogo.eu
2473,xataka.com
2474,thrillist.com
2475,formstack.com
2476,skrill.com
2477,xunlei.com
2478,rfi.fr
2479,gamesradar.com
2480,index.hr
2481,tmon.co.kr
2482,ellitoral.com
2483,ig.com.br
2484,sport24.gr
2485,videoconverterz.com
2486,mymovies.it
2487,eldorar.com
2488,udacity.com
2489,dubizzle.com
2490,laptopmag.com
2491,office.net
2492,peopleperhour.com
2493,techwalla.com
2494,chaoshi.tmall.com
2495,wangdaidongfang.com
2496,cox.net
2497,overleaf.com
2498,faselhd.co
2499,google.tn
2500,xhamster.desi
2501,clubic.com
2502,fresherslive.com
2503,all-free-download.com
2504,infowars.com
2505,file-up.org
2506,salamdl.info
2507,mergedocsnow.com
2508,esuteru.com
2509,mongodb.com
2510,archdaily.com
2511,starbucks.com
2512,ao0c.club
2513,xiaoman.cn
2514,fzg360.com
2515,geico.com
2516,success-is-in-reach.com
2517,tubev.sex
2518,fetlife.com
2519,yadi.sk
2520,rotumal.com
2521,proxysite.com
2522,sina.com.tw
2523,ummy.net
2524,tianyancha.com
2525,exdynsrv.com
2526,onedio.com
2527,thetrainline.com
2528,columbia.edu
2529,cornell.edu
2530,olymptrade.com
2531,cfsbcn.com
2532,insideevs.com
2533,hyatt.com
2534,gamib.com
2535,pptv.com
2536,usda.gov
2537,leroymerlin.ru
2538,worldofwarcraft.com
2539,b9good.com
2540,dailypakistan.com.pk
2541,zamzar.com
2542,shiftdelete.net
2543,echoroukonline.com
2544,laposte.fr
2545,thestandnews.com
2546,gtmetrix.com
2547,porno666.net
2548,indiapost.gov.in
2549,google.com.ec
2550,skillshare.com
2551,accorhotels.com
2552,dmkt-sp.jp
2553,extreme-down.xyz
2554,vodafone.de
2555,alhilalalyoum.com
2556,farpost.ru
2557,fardanews.com
2558,91mobiles.com
2559,androidcentral.com
2560,trenitalia.com
2561,userbenchmark.com
2562,fitbit.com
2563,rentalcars.com
2564,coschedule.com
2565,caraotadigital.net
2566,chinabm.cn
2567,khmerload.com
2568,sb24.com
2569,skynewsarabia.com
2570,btcliving.com
2571,jio.com
2572,theknot.com
2573,vultr.com
2574,sciencedirectassets.com
2575,chicagotribune.com
2576,vidal.fr
2577,20minutos.es
2578,service-public.fr
2579,ebrun.com
2580,afzhan.com
2581,dnsrsearch.com
2582,kahoot.it
2583,invisionapp.com
2584,medlineplus.gov
2585,ip138.com
2586,k2s.cc
2587,tmofans.com
2588,abadis.ir
2589,gnavi.co.jp
2590,siriusxm.com
2591,icook.tw
2592,xm.com
2593,banquepopulaire.fr
2594,songkick.com
2595,google.com.bd
2596,fotor.com
2597,deadline.com
2598,filmix.co
2599,1plus1tv.ru
2600,yes24.com
2601,newtalk.tw
2602,href.li
2603,mastercard.com.au
2604,turkishairlines.com
2605,strpjmp.com
2606,windy.com
2607,sarayanews.com
2608,xiami.com
2609,simayeaval.com
2610,80073.com
2611,airbnb.com.br
2612,3dlat.com
2613,tabloidbintang.com
2614,woman.ru
2615,elkhadra.com
2616,kissmanga.com
2617,forexfactory.com
2618,arstechnica.com
2619,youtubeconverter.io
2620,swatchseries.to
2621,estadao.com.br
2622,yesky.com
2623,rakuten-sec.co.jp
2624,walla.co.il
2625,gamewith.jp
2626,vietnamnet.vn
2627,letterboxd.com
2628,getfvid.com
2629,hlxiang.com
2630,brightspace.com
2631,16personalities.com
2632,tvn24.pl
2633,thumbzilla.com
2634,unacademy.com
2635,lego.com
2636,pornhubpremium.com
2637,ss.com
2638,monsterindia.com
2639,saraba1st.com
2640,sabq.org
2641,himado.in
2642,muaban.net
2643,redirect2719.ws
2644,biqle.ru
2645,fitgirl-repacks.site
2646,zwskw.com
2647,linguee.com
2648,amadeus.com
2649,podio.com
2650,askfrank.net
2651,porn300.com
2652,jalan.net
2653,fanatik.com.tr
2654,metacritic.com
2655,shareasale.com
2656,kbb.com
2657,guancha.cn
2658,thisvid.com
2659,minuto30.com
2660,answers.com
2661,riotgames.com
2662,lonelyplanet.com
2663,buzzorange.com
2664,hbonow.com
2665,ppy.sh
2666,jkforum.net
2667,gizmodo.jp
2668,clickfunnels.com
2669,fnn.jp
2670,ssisurveys.com
2671,lolesports.com
2672,nocookie.net
2673,egbest2.com
2674,bisnis.com
2675,crictracker.com
2676,androidauthority.com
2677,careers360.com
2678,qunar.com
2679,hostgator.com
2680,ifensi.com
2681,deadspin.com
2682,hexun.com
2683,emag.ro
2684,ldoceonline.com
2685,csccloud.in
2686,pch.com
2687,newsru.com
2688,mabanque.bnpparibas
2689,fimela.com
2690,xtx6.com
2691,anyxxx.pro
2692,leo.org
2693,alwakeelnews.com
2694,vov.vn
2695,sdna.gr
2696,sportbox.ru
2697,sigmalive.com
2698,temp-mail.org
2699,yandex.by
2700,colourpop.com
2701,citibankonline.com
2702,yoshimoto.co.jp
2703,gidfilm.ru
2704,tecmundo.com.br
2705,atwiki.jp
2706,google.lt
2707,uploadboy.com
2708,yomiuri.co.jp
2709,umblr.com
2710,aljazeera.com
2711,tinhte.vn
2712,panasonic.jp
2713,sulekha.com
2714,namava.ir
2715,viator.com
2716,windowsreport.com
2717,airbnb.ca
2718,dr.dk
2719,mheducation.com
2720,parsnaz.com
2721,notion.so
2722,indiaglitz.com
2723,rg.ru
2724,xiaohongshu.com
2725,tsichuan.com
2726,filmweb.pl
2727,arabi21.com
2728,aa.com.tr
2729,firestorage.jp
2730,city-data.com
2731,tunein.com
2732,work.ua
2733,irrawaddy.com
2734,53.com.cn
2735,lazada.co.id
2736,ifixit.com
2737,tamildhool.com
2738,niniban.com
2739,hirufm.lk
2740,knowyourmeme.com
2741,altervista.org
2742,tver.jp
2743,westpac.com.au
2744,localbitcoins.com
2745,tfreeca22.com
2746,hapitas.jp
2747,piliapp.com
2748,garantibbva.com.tr
2749,webmoney.ru
2750,filmaffinity.com
2751,narvar.com
2752,malwarebytes.com
2753,jb51.net
2754,matamata.com
2755,japannetbank.co.jp
2756,westernunion.com
2757,freebitco.in
2758,mamba.ru
2759,rukoeb.com
2760,tawk.to
2761,onlyfans.com
2762,themuse.com
2763,putlockers.me
2764,almstba.tv
2765,imagefap.com
2766,paultan.org
2767,ssl-sixcore.jp
2768,christian-dogma.com
2769,realtor.ca
2770,bazos.cz
2771,netgear.com
2772,ntv.com.tr
2773,wa.gov
2774,000webhostapp.com
2775,matchesfashion.com
2776,fool.com
2777,adorocinema.com
2778,auspost.com.au
2779,edmunds.com
2780,400.cn
2781,mindmeister.com
2782,placeit.net
2783,eccn.com
2784,bancobrasil.com.br
2785,justwatch.com
2786,muzlo.me
2787,imore.com
2788,aternos.org
2789,tiu.ru
2790,fotomac.com.tr
2791,ebscohost.com
2792,entekhab.ir
2793,bancosantander.es
2794,express.dhl
2795,nymag.com
2796,woot.com
2797,vip.wordpress.com
2798,freemake.com
2799,mp3juices.cc
2800,beauty321.com
2801,bbt.com
2802,ucoz.ru
2803,o2.pl
2804,hpjav.tv
2805,gotowebinar.com
2806,cafef.vn
2807,sahamyab.com
2808,chevrolet.com
2809,theqoo.net
2810,berkeley.edu
2811,paheal.net
2812,google.iq
2813,business-standard.com
2814,van-u.com
2815,dogdrip.net
2816,rapidtables.com
2817,cb01.productions
2818,fragrantica.com
2819,premierleague.com
2820,amd.com
2821,xozilla.com
2822,robinhood.com
2823,paylocity.com
2824,goodgamestudios.com
2825,printful.com
2826,rtl-theme.com
2827,cox.com
2828,thenewslens.com
2829,navyfederal.org
2830,dict.cn
2831,gds.it
2832,hotfiesta.tv
2833,creditmutuel.fr
2834,nouvelobs.com
2835,alaskaair.com
2836,medu.ir
2837,excite.co.jp
2838,chinajsq.cn
2839,wrike.com
2840,syf.com
2841,bludwan.com
2842,worldchampionnetwork.com
2843,kantipurdaily.com
2844,paytmmall.com
2845,zeit.de
2846,19888.tv
2847,watchcartoononline.io
2848,brainberries.co
2849,cna.com.tw
2850,fivethirtyeight.com
2851,sbis.ru
2852,onesignal.com
2853,usembassy.gov
2854,cwb.gov.tw
2855,licindia.in
2856,moviesearchcenter.com
2857,campograndenews.com.br
2858,amctheatres.com
2859,yxdown.com
2860,realclearpolitics.com
2861,ultipro.com
2862,aweber.com
2863,123movies.domains
2864,gadgetsnow.com
2865,zhaket.com
2866,monday.com
2867,myfonts.com
2868,qichacha.com
2869,texas.gov
2870,mp.gov.in
2871,scielo.br
2872,cyol.com
2873,google.com.cu
2874,ubs.com
2875,dingtalk.com
2876,nrk.no
2877,hackerrank.com
2878,probuilds.net
2879,com-shield.live
2880,donmai.us
2881,sndcdn.com
2882,omegle.com
2883,wynsys.club
2884,bobibanking.com
2885,fritz.box
2886,fishki.net
2887,casicloud.com
2888,zone-telechargement.lol
2889,elo7.com.br
2890,coconala.com
2891,fixya.com
2892,ca168.com
2893,uloz.to
2894,finalfantasyxiv.com
2895,here.com
2896,slideplayer.com
2897,mytedata.net
2898,afkarnews.com
2899,itch.io
2900,picclick.com
2901,faberlic.com
2902,studfiles.net
2903,netacad.com
2904,netsuite.com
2905,payoneer.com
2906,payeer.com
2907,shangxueba.com
2908,bulbagarden.net
2909,9978.cn
2910,linternaute.com
2911,eqxiu.com
2912,net-a-porter.com
2913,fluentu.com
2914,active.com
2915,xserver.ne.jp
2916,zety.com
2917,finviz.com
2918,bravotube.net
2919,soy502.com
2920,macmillandictionary.com
2921,neuvoo.com
2922,forocoches.com
2923,usenet.nl
2924,2oo-my.com
2925,o2tvseries.com
2926,cofeed.com
2927,digialm.com
2928,ajel.sa
2929,kariyer.net
2930,minkabu.jp
2931,noon.com
2932,lazada.vn
2933,iobit.com
2934,ppsc.gop.pk
2935,appen.com
2936,hangseng.com
2937,rikunabi.com
2938,nts.org.pk
2939,egov-nsdl.com
2940,powerbi.com
2941,naukrigulf.com
2942,carousell.com
2943,antaranews.com
2944,meituan.com
2945,jumia.ma
2946,jin115.com
2947,nesn.com
2948,en-japan.com
2949,stps.gob.mx
2950,picdeer.com
2951,ipsosinteractive.com
2952,traveloka.com
2953,yumpu.com
2954,emalls.ir
2955,lamabang.com
2956,atmarkit.co.jp
2957,blueberryred.com
2958,ssc.nic.in
2959,newchic.com
2960,scribol.com
2961,vanpeople.com
2962,smallseotools.com
2963,worksmobile.com
2964,clegc-gckey.gc.ca
2965,eleconomista.es
2966,doordash.com
2967,enamad.ir
2968,betboro.com
2969,ixxx.com
2970,abv.bg
2971,hinet.net
2972,ssense.com
2973,literotica.com
2974,mdjnb.com
2975,tripsavvy.com
2976,cardekho.com
2977,nyc.gov
2978,pixieset.com
2979,krone.at
2980,news24.com
2981,theculturetrip.com
2982,freelogoservices.com
2983,computerhope.com
2984,crunchbase.com
2985,xgo.com.cn
2986,720p-izle.com
2987,dinamalar.com
2988,upornia.com
2989,solvusoft.com
2990,worldbank.org
2991,seesaa.net
2992,airbnb.ru
2993,runescape.com
2994,deskgram.net
2995,menshealth.com
2996,puma.com
2997,yellowpages.com
2998,derstandard.at
2999,sw2008.com
3000,akamaihd.net